name,price_kg_uah
Рис,19.5
Хліб пшеничний,12.37
Хліб житній,12.25
Яловичина,111.23
Свинина,102.86
Птиця,55.38
Сало,60.06
Борошно пшеничне,9.68
Макаронні вироби,9.9
Крупи гречані,22.8
Ковбаси,72.68
Молоко,17.46
Сметана,45.73
Масло вершкове,149.2
Сир м’який,96.12
Цукор,15.58
Олія соняшникова,32.76
Яйця,19.38
Картопля,6.3
Капуста,5.41
Морква,7.7
Буряк,5.41
Цибуля,5.94
Сіль,4.35
Апельсини,40.0
Зелена квасоля,20.0
Насіння соняшника,40.0
Пластівці вівсяні,12.12
Гриби білі,95.0
Гриби печериці,44.0
Інжир,110.0
Редиска,5.0
Помідори,22.0
Перець солодкий,47.5
Перець гострий,25.0
Часник,34.0
Петрушка,40.0
Кріп,50.0
Оселедець,50.0
Сардина в олії,104.0
Сардина в томаті,88.0
