ukr_name,Tagname,rda,mda,Units
Вітамін A,VITA,900.0,3000.0,µg
Вітамін C,VITC,90.0,2000.0,mg
Вітамін D,VITD,15.0,100.0,µg
Вітамін E,VITE,15.0,1000.0,mg
Вітамін K,VITK1,120.0,,µg
Вітамін B1,THIA,1.2,,mg
Вітамін B2 (Рибофлавін),RIBF,1.3,,mg
Вітамін B3 (Нікотинова кислота),NIA,16.0,35.0,mg
Вітамін B6,VITB6A,1.3,100.0,mg
Вітамін B9 (Фолієва кислота),VITB9,400.0,1000.0,µg
Вітамін B12,VITB12,2.4,,µg
Вітамін B5 (Пантотенова кислота),PANTAC,5.0,,mg
Вітамін B4 (Холін),CHOLN,550.0,3500.0,mg
Кальцій,CA,1000.0,2500.0,mg
Мідь,CU,0.9,10.0,mg
Флуорид (фтор),FLD,4000.0,10000.0,µg
Йод,I,150.0,1100.0,µg
Залізо,FE,8.0,45.0,mg
Магній,MG,420.0,4200.0,mg
Манган (марганець),MN,2.3,11.0,mg
Фосфор,P,700.0,4000.0,mg
Селен,SE,55.0,400.0,µg
Цинк,ZN,11.0,40.0,mg
Калій,K,4700.0,,mg
Натрій,NA,1500.0,2300.0,mg
Вуглеводи,CHOCDF,130.0,,g
Волокна,FIBTG,38.0,,g
Жири,FAT,44.0,100.0,g
Омега-6,OMG3,18.6,,g
Білки,PROCNT,56.0,150.0,g
Енергія,ENERC_KCAL,3000.0,7000.0,kcal
