name_prep,price_kg_uah
Рис (без обробки),19.5
Рис (варіння),7.04
Хліб пшеничний (без обробки),12.37
Хліб житній (без обробки),12.25
Яловичина (без обробки),111.23
Яловичина (варіння),179.41
Яловичина (смаження),173.85
Свинина (без обробки),102.86
Свинина (варіння),171.47
Свинина (смаження),151.31
Птиця (без обробки),55.38
Птиця (варіння),73.82
Птиця (смаження),85.17
Сало (без обробки),60.06
Сало (смаження),100.12
Борошно пшеничне (без обробки),9.68
Макаронні вироби (без обробки),9.9
Макаронні вироби (варіння),4.22
Крупи гречані (без обробки),22.8
Крупи гречані (варіння),6.11
Ковбаси (без обробки),72.68
Молоко (без обробки),17.46
Сметана (без обробки),45.73
Масло вершкове (без обробки),149.2
Сир м'який (без обробки),96.12
Цукор (без обробки),15.58
Олія соняшникова (без обробки),32.76
Яйця (без обробки),19.38
Яйця (варіння),19.38
Яйця (смаження),25.83
Картопля (без обробки),6.3
Картопля (варіння),7.59
Картопля (смаження),9.13
Капуста (без обробки),5.41
Капуста (варіння),5.88
Морква (без обробки),7.7
Морква (варіння),7.74
Буряк (без обробки),5.41
Буряк (варіння),5.7
Цибуля (без обробки),5.94
Цибуля (варіння),8.02
Сіль (без обробки),4.35
Апельсини (без обробки),40.0
Зелена квасоля (без обробки),20.0
Насіння соняшника (без обробки),40.0
Насіння гарбуза (без обробки),90.0
Грецький горіх (без обробки),220.0
Пластівці вівсяні (без обробки),12.12
Гриби білі (без обробки),95.0
Гриби печериці (без обробки),44.0
Інжир (без обробки),110.0
Редиска (без обробки),5.0
Помідори (без обробки),22.0
Перець солодкий (без обробки),47.5
Перець гострий (без обробки),25.0
Часник (без обробки),34.0
Петрушка (без обробки),40.0
Кріп (без обробки),50.0
Оселедець (без обробки),50.0
Сардина в олії (консерва),104.0
Сардина в томаті (консерва),88.0
